grazer_spp.,box_label,animal_label,diet,shell_length_i,shell_length_w2,shell_length_w3,shell_length_f,imageJ_Li,imageJ_Lf,shell_width_i,imageJ_Wf,imageJ_Ai,imageJ_Af,wetmass_i,wetmass_2,wetmass_3,wetmass_f,wetmass_total_Wd,buoyant_Wi,buoyant_W2,buoyant_W3,buoyant_Wf,righting_time_i,righting_time_f,righting_attempts_final,terminal_wet_tissue_mass,gonad_wet_mass,nongonad_wet_mass,tissue_sampled,terminal_shell_wet_mass,terminal_dry_mass,gonad_dry_mass,nongonad_dry_mass,terminal_shell_dry_mass,Water_Temp,est_total_dry_mass_i,est_non_gonad_dry_mass_i,est_gonad_dry_mass_i,est_shell_dy_mass_i,est_total_dry_mass_f,est_total_dry_mass_effor,est_dry_mass_change,percent_change_dry_mass,percent_change_gonad_dry_mass,percent_change_non_gonad_dry_mass,percent_change_shell_dry_mass
red abalone,Ab1S,neon pink 1 ,sargassum,50.33,NA,51.01,51.01,5.21,5.147,35.34,3.71,15.255,15.255,15.1615,16.7994,NA,15.9639,0.8024,3.43,3.43,NA,3.45,11,64,3,7.0993,3.0761,3.3821,0.6411,5.2973,1.4286,0.6215,0.8071,4.9634,14,1.3327,0.8559,0.7506,4.4676,1.4404,0.0959,0.0959,7.2,-17.2,-5.7,11.1
red abalone,Ab2M,neon pink 2,macro,55.93,NA,57.43,57.95,5.884,5.889,37.8,4.182,18.662,19.662,24.2411,24.8592,NA,26.3605,2.1194,4.48,4.92,NA,4.97,9,65,NA,12.7833,4.7319,6.9734,1.078,7.3143,2.7076,0.9953,1.7123,6.9619,14,2.2192,1.4679,0.3580,6.7207,2.4566,0.4884,0.4884,22.0,178.0,16.7,3.6
red abalone,Ab3N,neon pink 3,starved,47.92,NA,49.17,49.21,5.012,4.954,33.42,3.552,13.895,13.734,14.7113,15.5916,NA,13.1428,-1.5685,2.9,2.84,NA,2.76,21,32,2,6.373,2.3919,3.3277,0.6534,4.4471,1.0146,0.3819,0.6327,4.2032,14,0.9513,0.5925,0.6423,3.4979,1.1491,0.0633,0.0633,6.7,-40.5,6.8,20.2
red abalone,Ab4X,neon pink 4,mixed,53.72,NA,54.91,55.24,5.575,5.64,36.66,4.163,17.694,18.54,22.9146,24.8263,NA,24.5965,1.6819,4.5,5,NA,4.98,9,28,2,10.5262,4.3843,5.0969,1.045,7.6448,2.1389,0.8522,1.2867,7.2922,14,1.8693,1.2264,0.6183,5.8315,2.0577,0.2696,0.2696,14.4,37.8,4.9,25.0
red abalone,Ab5S,neon pink 5,sargassum,53.23,NA,53.7,53.98,5.433,5.42,35.31,3.846,16.163,16.686,20.181,21.9944,NA,22.478,2.297,4,4.52,NA,4.56,7,27,2,9.7929,4.1854,4.8006,0.8069,6.9955,1.8824,0.7483,1.1341,6.6073,14,1.7918,1.1728,0.8874,5.6344,1.8662,0.0906,0.0906,5.1,-15.7,-3.3,17.3
red abalone,Ab6M,neon pink 6,macro,58.72,NA,59.74,59.57,6.085,6.025,39.78,4.324,20.174,20.349,28.3177,30.938,NA,31.5212,3.2035,6.08,6.31,NA,6.25,8,43,3,14.691,5.5964,7.4997,1.5949,9.442,2.6439,1.0099,1.634,9.0408,14,2.6608,1.7728,0.8173,7.8432,2.8222,-0.0169,-0.0169,-0.6,23.6,-7.8,15.3
red abalone,Ab7N,neon pink 7,starved,57.29,NA,57.47,57.48,5.893,5.826,38.36,4.081,19.11,19.046,26.1508,25.0952,NA,23.3714,-2.7794,5.15,4.99,NA,5.03,13,20,1,9.8223,4.1464,4.7596,0.9163,7.8018,1.655,0.6148,1.0402,7.3673,14,2.4344,1.6165,0.4340,7.2679,2.4629,-0.7794,-0.7794,-32.0,41.7,-35.7,1.4
red abalone,Ab8X,neon pink 8,mixed,49.47,NA,50.26,51.52,5.077,5.217,33.39,3.807,14.355,15.675,16.7484,20.4931,NA,18.2292,1.4808,3.4,3.65,NA,3.75,16,47,2,9.3182,3.846,4.4586,1.0136,5.6652,1.8591,0.7601,1.099,5.2482,14,1.1966,0.7619,0.7094,4.1216,1.3217,0.6625,0.6625,55.4,7.1,44.2,27.3
red abalone,Ab9S,neon pink 9,sargassum,55.09,NA,55.38,55.47,5.699,5.627,37.2,4.031,17.924,18.141,22.6227,25.6442,NA,25.7036,3.0809,4.94,4.9,NA,5,10,63,NA,10.0454,4.0788,4.9899,0.9767,7.7653,1.905,0.7488,1.1562,7.3279,14,2.0862,1.3761,0.7771,6.3827,2.1321,-0.1812,-0.1812,-8.7,-3.6,-16.0,14.8
red abalone,Ab10M,neon pink 10,macro,56.47,NA,57.24,57.49,5.756,5.821,36.42,4.028,17.298,18.599,24.808,27.6006,NA,29.492,4.684,4.89,5.21,NA,5.36,16,12,1,12.883,4.9239,6.762,1.1971,8.0052,2.5689,0.9891,1.5798,7.5982,14,2.3046,1.5269,0.4551,6.9379,2.4265,0.2643,0.2643,11.5,117.4,3.5,9.5
red abalone,Ab11N,neon pink 11,starved,49.9,NA,50.62,50.61,5.142,5.096,32.71,3.49,14.201,14.203,15.7696,14.4154,NA,15.4985,-0.2711,3.02,3.19,NA,3.18,9,27,2,7.1998,2.8309,3.6996,0.6693,4.8528,1.1603,0.4202,0.7401,4.6016,14,1.2647,0.8089,1.1530,4.2946,1.3786,-0.1044,-0.1044,-8.3,-63.6,-8.5,7.1
red abalone,Ab12X,neon pink 12,mixed,64.14,NA,64.79,64.89,6.651,6.552,44.45,4.689,24.474,24.325,36.7812,38.2626,NA,40.0519,3.2707,7.12,7.44,NA,7.52,42,15,1,19.4263,7.4322,10.8087,1.1854,10.8797,3.8565,1.3198,2.5367,10.5264,14,3.5187,2.3650,0.4933,10.0239,3.6216,0.3378,0.3378,9.6,167.6,7.3,5.0
red abalone,Ab13S,neon pink 13,sargassum,50.68,NA,51.66,53.05,5.174,5.346,33.27,3.799,14.592,16.123,19.3961,20.1864,NA,19.924,0.5279,4.09,4.36,NA,4.29,8,104,NA,8.2549,3.5786,3.8143,0.862,6.907,1.6298,0.6873,0.9425,6.5538,14,1.3881,0.8941,0.4903,4.6084,1.5433,0.2417,0.2417,17.4,40.2,5.4,42.2
red abalone,Ab14M,neon pink 14,macro,50.62,NA,51.71,52.43,5.236,5.307,34.6,3.79,15.308,16.226,20.107,20.5367,NA,21.0402,0.9332,3.954,4.35,NA,4.36,11,22,1,10.6441,4.3234,5.2557,1.065,6.5548,2.0441,0.8423,1.2018,6.2546,14,1.3786,0.8876,0.9070,4.5843,1.5512,0.6655,0.6655,48.3,-7.1,35.4,36.4
red abalone,Ab15N,neon pink 15,starved,59.12,NA,59.36,59.27,6.124,6.048,40.11,4.267,20.658,20.539,26.8299,24.1462,NA,23.7946,-3.0353,5.46,5.43,NA,5.38,39,36,2,8.3931,3.7047,4.0133,0.6751,8.4435,1.4669,0.5573,0.9096,8.0677,14,2.7241,1.8165,0.8756,8.0041,2.7621,-1.2572,-1.2572,-46.2,-36.4,-49.9,0.8
red abalone,Ab16X,neon pink 16,mixed,58.48,NA,59.28,59.22,6.064,5.955,38.4,4.169,20.067,19.928,27.1319,28.6321,NA,24.3124,-2.8195,5.472,5.2,NA,5.44,35,18,1,11.0791,4.9987,4.9685,1.1119,8.4292,2.0516,0.8841,1.1675,8.0741,14,2.6228,1.7465,0.4781,7.7466,2.7494,-0.5712,-0.5712,-21.8,84.9,-33.2,4.2
red abalone,Ab17S,neon pink 17,sargassum,50.37,NA,50.78,50.83,5.184,5.11,34.45,3.712,14.818,14.998,17.6084,18.6754,NA,18.3185,0.7101,3.597,3.77,NA,3.78,14,60,2,7.7984,3.2602,3.6577,0.8805,5.7219,1.4073,0.571,0.8363,5.4174,14,1.3391,0.8603,0.6256,4.4837,1.4040,0.0682,0.0682,5.1,-8.7,-2.8,20.8
red abalone,Ab18M,neon pink 18,macro,53.38,NA,54.53,54.97,5.524,5.511,36.79,3.997,16.367,17.495,21.6559,26.1664,NA,22.8732,1.2173,4.438,4.86,NA,4.89,22,26,1,10.5162,4.4642,4.6937,1.3583,7.4364,1.9537,0.8005,1.1532,7.1227,14,1.8155,1.1892,0.7491,5.6947,1.9976,0.1382,0.1382,7.6,6.9,-3.0,25.1
red abalone,Ab19N,neon pink 19,starved,55.9,NA,55.96,56.1,5.748,5.692,38.12,3.977,18.223,17.931,21.817,23.4055,NA,22.7432,0.9262,4.907,4.9,NA,4.86,10,38,2,8.6965,3.4084,4.5913,0.6968,7.4569,1.6319,0.5826,1.0493,7.115,14,2.2144,1.4646,0.5702,6.7086,2.2239,-0.5825,-0.5825,-26.3,2.2,-28.4,6.1
red abalone,Ab20X,neon pink 20,mixed,52.25,NA,53.5,54.02,5.441,5.497,36.82,3.923,16.384,17.289,21.6848,23.4609,NA,22.8979,1.2131,4.08,4.33,NA,4.51,6,28,2,10.458,4.3184,5.1815,0.9581,6.6012,2.1823,0.8725,1.3098,6.3613,14,1.6367,1.0657,0.6742,5.2401,1.8345,0.5456,0.5456,33.3,29.4,22.9,21.4
red abalone,Ab21S,neon pink 21,sargassum,54.37,NA,54.78,54.93,5.547,5.532,36.73,3.932,16.915,17.148,21.2547,23.3848,NA,23.0978,1.8431,4.307,4.33,NA,4.52,14,34,2,9.2118,3.8329,5.3789,NA,6.8121,2.072,0.7356,1.3364,6.532,14,1.9722,1.2974,0.5247,6.0930,2.0371,0.0998,0.0998,5.1,40.2,3.0,7.2
red abalone,Ab22M,neon pink 22,macro,51.32,NA,52.05,52.49,5.226,5.303,34.82,3.749,14.775,15.763,17.7438,18.4063,NA,19.6431,1.8993,3.425,3.77,NA,3.84,95,20,1,9.4752,3.956,5.5192,NA,5.6578,2.2132,0.8006,1.4126,5.4206,14,1.4894,0.9641,0.7643,4.8659,1.6050,0.7238,0.7238,48.6,4.7,46.5,11.4
red abalone,Ab23N,neon pink 23,starved,56.21,NA,56.46,56.43,5.766,5.689,38.63,4.002,18.407,18.054,23.9223,23.2092,NA,20.9305,-2.9918,4.719,4.82,NA,4.76,7,76,4,7.3686,3.1984,4.1702,NA,7.3539,1.4742,0.4857,0.9885,7.0428,14,2.2635,1.4985,0.8045,6.8333,2.3031,-0.7893,-0.7893,-34.9,-39.6,-34.0,3.1
red abalone,Ab24X,neon pink 24,mixed,57.03,NA,57.38,57.7,5.835,5.817,39.82,4.284,19.143,19.457,23.5358,23.3071,NA,22.7375,-0.7983,4.424,4.74,NA,4.81,11,45,1,12.3445,4.3838,7.9607,NA,7.0759,2.6361,0.886,1.7501,6.7953,14,2.3933,1.5881,0.3673,7.1633,2.4487,0.2428,0.2428,10.1,141.2,10.2,-5.1
red abalone,Ab25S,neon pink 25,sargassum,48.11,NA,49.42,50.02,4.932,5.057,32.86,3.593,13.351,14.337,15.636,16.3375,NA,16.2841,0.6481,2.839,3,NA,3.07,7,21,1,8.4252,3.3202,5.105,NA,4.5838,1.6598,0.5979,1.0619,4.3895,14,0.9813,0.6133,0.6619,3.5744,1.1887,0.6785,0.6785,69.1,-9.7,73.1,22.8
red abalone,Ab26M,neon pink 26,macro,54.12,NA,55.18,55.63,5.641,5.697,36.81,4.023,17.064,18.054,21.5894,24.7386,NA,22.3641,0.7747,3.87,4.18,NA,4.22,11,16,1,11.6353,4.4299,7.2054,NA,6.2826,2.7212,0.973,1.7482,5.9257,14,1.9327,1.2701,0.8236,5.9924,2.1004,0.7885,0.7885,40.8,18.1,37.6,-1.1
red abalone,Ab27N,neon pink 27,starved,57.42,NA,58.17,58.11,5.967,5.854,38.47,4.045,19.296,18.927,23.3436,23.7491,NA,21.2968,-2.0468,4.6,4.56,NA,4.51,102,79,4,7.99,3.0928,4.8972,NA,6.8718,1.5497,0.4435,1.1062,6.6141,14,2.4550,1.6307,0.6879,7.3202,2.5737,-0.9053,-0.9053,-36.9,-35.5,-32.2,-9.6
red abalone,Ab28X,neon pink 28,mixed,54.65,NA,55.14,55.46,5.572,5.638,35.4,3.91,16.742,17.333,19.6012,21.6768,NA,23.6883,4.0871,4.245,4.45,NA,4.53,18,25,NA,11.2367,4.2811,6.9556,NA,6.9814,2.1439,0.8186,1.3253,6.5609,14,2.0165,1.3280,0.7746,6.2057,2.0941,0.1274,0.1274,6.3,5.7,-0.2,5.7
red abalone,Ab29S,neon pink 29,sargassum,56.42,NA,56.92,57.18,5.776,5.758,38.24,4.092,18.491,18.742,23.7371,26.064,NA,28.7531,5.016,5.33,5.57,NA,5.66,10,37,2,11.7917,5.0119,6.7798,NA,8.5755,2.4669,0.9535,1.5134,8.2125,14,2.2967,1.5214,1.1177,6.9178,2.3759,0.1702,0.1702,7.4,-14.7,-0.5,18.7
red abalone,Ab30M,neon pink 30,macro,63.42,NA,63.9,63.94,6.576,6.447,43.87,4.623,23.908,23.788,37.7935,35.5168,NA,38.1395,0.346,6.89,7.29,NA,7.44,11,27,1,15.9467,5.7434,10.2033,NA,10.7098,3.9795,1.1991,2.7804,10.3813,14,3.4048,2.2864,0.4423,9.7342,3.4807,0.5747,0.5747,16.9,171.1,21.6,6.6
red abalone,Ab31N,neon pink 31,starved,49.64,NA,49.86,49.84,5.088,5.028,34.69,3.624,14.446,14.478,15.5653,15.7616,NA,13.0548,-2.5105,3.27,3.29,NA,3.36,46,240,4,5.6766,2.3144,3.3622,NA,5.2892,1.0725,0.3122,0.7603,4.9399,14,1.2235,0.7805,0.4707,4.1900,1.2583,-0.1510,-0.1510,-12.3,-33.7,-2.6,17.9
red abalone,Ab32X,neon pink 32,mixed,50.22,NA,51.21,51.88,5.228,5.241,34.26,3.781,14.834,15.637,18.9138,19.8202,NA,19.421,0.5072,3.43,3.64,NA,3.79,9,34,1,10.5747,3.8067,6.768,NA,5.5935,2.1543,0.7507,1.4036,5.285,14,1.3153,0.8439,0.4663,4.4233,1.4720,0.8390,0.8390,63.8,61.0,66.3,19.5
red abalone,Ab33S,neon pink 33,sargassum,50.13,NA,52.1,52.53,5.184,5.267,33.27,3.667,14.24,15.503,14.478,18.5672,NA,18.2879,3.8099,2.72,3.49,NA,3.53,6,13,1,7.5462,3.2903,4.2559,NA,5.452,1.6107,0.6498,0.9609,5.0604,14,1.3011,0.8340,0.7339,4.3871,1.6129,0.3096,0.3096,23.8,-11.5,15.2,15.3
red abalone,Ab34M,neon pink 34,macro,55.59,NA,58.18,58.67,5.997,5.998,39.95,4.215,19.537,20.144,25.628,25.3205,NA,27.9027,2.2747,5.26,5.46,NA,5.52,9,46,2,12.4194,4.6502,7.7692,NA,8.3081,2.9605,0.9664,1.9941,7.7988,14,2.1653,1.4307,0.5202,6.5839,2.5753,0.7952,0.7952,36.7,85.8,39.4,18.5
red abalone,Ab35N,neon pink 35,starved,51.23,NA,51.42,51.43,5.235,5.196,33.83,3.518,14.537,14.515,18.653,18.3489,NA,18.137,-0.516,3.54,3.67,NA,3.61,8,11,1,6.3296,2.4133,3.9163,NA,5.5149,1.4433,0.4904,0.9529,5.2453,14,1.4752,0.9542,0.6761,4.8297,1.5053,-0.0319,-0.0319,-2.2,-27.5,-0.1,8.6
red abalone,Ab36X,neon pink 36,mixed,54.41,NA,55.24,55.63,5.601,5.705,36.86,4.079,17.329,18.451,21.9916,25.078,NA,24.2495,2.2579,3.98,4.62,NA,4.77,12,25,1,11.728,4.335,7.393,NA,7.0203,2.6344,0.9221,1.7123,6.6968,14,1.9786,1.3018,0.7354,6.1091,2.1099,0.6558,0.6558,33.1,25.4,31.5,9.6
red abalone,Ab37S,neon pink 37,sargassum,55.62,NA,56.46,56.8,5.748,5.799,41.04,4.252,19.55,19.964,23.5128,25.5466,NA,23.385,-0.1278,4.96,5.29,NA,5.27,10,24,1,9.781,4.0851,5.6959,NA,8.003,2.1825,0.7459,1.4366,7.6553,14,2.1701,1.4340,0.5046,6.5960,2.3031,0.0124,0.0124,0.6,47.8,0.2,16.1
red abalone,Ab38M,neon pink 38,macro,50.91,NA,51.43,51.16,5.241,5.207,38.34,4.041,16.053,16.121,16.876,17.4649,NA,18.4656,1.5896,3.51,3.54,NA,3.56,15,30,NA,7.8921,3.1182,4.7739,NA,5.3638,1.6632,0.5168,1.1464,5.02,14,1.4245,0.9193,0.7487,4.7009,1.5069,0.2387,0.2387,16.8,-31.0,24.7,6.8
red abalone,Ab39N,neon pink 39,starved,55.89,NA,56.18,56.01,5.674,5.657,38.13,3.973,17.78,17.736,26.3703,25.4945,NA,21.9932,-4.3771,5.01,5,NA,4.95,21,20,1,8.2038,3.2216,4.9822,NA,7.692,1.8026,0.5949,1.2077,7.274,14,2.2128,1.4635,0.9952,6.7046,2.2587,-0.4102,-0.4102,-18.5,-40.2,-17.5,8.5
red abalone,Ab40X,neon pink 40,mixed,60.92,NA,61.66,62.02,6.285,6.253,40.97,4.4,21.502,21.878,30.3526,34.9836,NA,36.1412,5.7886,6.53,6.97,NA,7.05,16,35,NA,14.6631,5.9571,8.706,NA,10.461,3.5167,1.1914,2.3253,10.1349,14,3.0090,2.0132,0.5869,8.7284,3.1262,0.5077,0.5077,16.9,103.0,15.5,16.1
red abalone,Ab41S,neon pink 41,sargassum,52.59,NA,53.2,53.26,5.511,5.439,34.61,3.636,15.997,15.967,18.9588,20.7805,NA,18.3057,-0.6531,3.85,3.99,NA,3.97,25,10,1,9.1345,3.8385,5.296,NA,6.0827,1.7312,0.6648,1.0664,5.7622,14,1.6905,1.1029,0.5859,5.3769,1.7870,0.0407,0.0407,2.4,13.5,-3.3,7.2
red abalone,Ab42M,neon pink 42,macro,52.57,NA,53.01,53.4,5.333,5.374,34.27,3.793,15.297,16.099,19.2957,21.7564,NA,22.1331,2.8374,4.04,4.12,NA,4.38,26,38,NA,9.5064,3.7273,5.7791,NA,6.5826,2.2368,0.775,1.4618,6.1638,14,1.6873,1.1007,0.5673,5.3688,1.7570,0.5495,0.5495,32.6,36.6,32.8,14.8
red abalone,Ab43N,neon pink 43,starved,52.19,NA,52.6,52.58,5.389,5.286,34.64,3.617,15.7,15.345,21.1806,20.3684,NA,19.8879,-1.2927,4.07,4.04,NA,4.05,10,42,2,7.2764,3.0876,4.1888,NA,6.4134,1.5079,0.5339,0.974,5.9647,14,1.6272,1.0592,0.8888,5.2159,1.6921,-0.1193,-0.1193,-7.3,-39.9,-8.0,14.4
red abalone,Ab44X,neon pink 44,mixed,58.75,NA,59.18,59.7,6.02,6.089,38.61,4.188,19.272,20.167,29.9514,27.4174,NA,30.8725,0.9211,5.46,5.95,NA,6.05,16,21,1,12.89,4.6797,8.2103,NA,8.8915,3.1387,1.0392,2.0995,8.5382,14,2.6655,1.7760,0.5369,7.8553,2.7336,0.4732,0.4732,17.8,93.6,18.2,8.7
red abalone,Ab45S,neon pink 45,sargassum,51.57,NA,52.18,52.63,5.3,5.277,36.42,3.834,15.627,16.043,20.4873,22.7747,NA,21.0697,0.5824,3.81,4.07,NA,3.98,15,53,3,8.877,3.5781,5.2989,NA,6.3948,2.1576,0.7802,1.3774,5.9988,14,1.5290,0.9914,0.7663,4.9665,1.6256,0.6286,0.6286,41.1,1.8,38.9,20.8
red abalone,Ab46M,neon pink 46,macro,56.25,NA,56.96,57.44,5.816,5.797,37.33,4.091,17.897,18.667,27.141,28.1636,NA,30.0848,2.9438,4.66,5.11,NA,5.22,10,13,1,12.6059,4.7839,7.822,NA,7.7508,3.1644,1.0601,2.1043,7.3014,14,2.2698,1.5028,0.7384,6.8494,2.3822,0.8946,0.8946,39.4,43.6,40.0,6.6
red abalone,Ab47N,neon pink 47,starved,55.68,NA,55.71,55.74,5.708,5.606,38.29,4.018,18.399,17.913,24.142,28.2838,NA,26.0331,1.8911,5.66,5.73,NA,5.69,12,53,3,9.7421,3.6193,6.1228,NA,8.8685,2.0318,0.6349,1.3969,8.3866,14,2.1796,1.4405,0.7732,6.6201,2.1843,-0.1478,-0.1478,-6.8,-17.9,-3.0,26.7
red abalone,Ab48X,neon pink 48,mixed,56.39,NA,57.05,57.27,5.795,5.819,39.37,4.268,18.856,19.617,23.9741,23.8734,NA,26.2665,2.2924,4.47,5.07,NA,5.21,8,36,2,11.6113,4.4568,7.1545,NA,7.7393,2.9694,1.0114,1.958,7.3022,14,2.2920,1.5181,0.6663,6.9058,2.3964,0.6774,0.6774,29.6,51.8,29.0,5.7
red abalone,Ab49S,neon pink 49,sargassum,54.21,NA,54.22,54.42,5.637,5.466,37,3.822,16.785,16.622,23.0485,23.3214,NA,22.0935,-0.955,4.44,4.35,NA,4.55,24,23,1,9.3217,3.8657,5.456,NA,6.8507,1.9519,0.6964,1.2555,6.5942,14,1.9469,1.2799,0.9530,6.0287,1.9485,0.0050,0.0050,0.3,-26.9,-1.9,9.4
red abalone,Ab50M,neon pink 50,macro,60.06,NA,60.6,60.94,6.18,6.185,41.63,4.406,21.259,21.619,30.4989,31.1112,NA,31.0808,0.5819,6.09,6.38,NA,6.51,32,32,2,14.2101,4.8412,9.3689,NA,9.6132,3.5595,1.0877,2.4718,9.1489,14,2.8729,1.9192,0.5207,8.3823,2.9584,0.6866,0.6866,23.9,108.9,28.8,9.1
red abalone,Ab51N,neon pink 51,starved,51.24,NA,51.39,51.39,5.213,5.184,34,3.591,14.995,14.877,18.2367,16.5704,NA,16.1208,-2.1159,3.41,3.37,NA,3.54,10,62,2,6.1315,2.3598,3.7717,NA,5.6952,1.2898,0.4065,0.8833,5.4043,14,1.4768,0.9553,0.5482,4.8337,1.5005,-0.1870,-0.1870,-12.7,-25.8,-7.5,11.8
red abalone,Ab52X,neon pink 52,mixed,51.8,NA,52.15,52.23,5.34,5.29,36.33,3.713,15.632,15.448,18.3707,18.1782,NA,17.0925,-1.2782,3.63,3.63,NA,3.75,20,37,1,9.1831,3.6353,5.5478,NA,5.7347,1.6889,0.6306,1.0583,5.3683,14,1.5654,1.0165,0.4972,5.0590,1.6208,0.1235,0.1235,7.9,26.8,4.1,6.1
red abalone,Ab53S,neon pink 53,sargassum,50.76,NA,51.3,52.1,5.19,5.21,34.02,3.658,14.645,15.292,18.4116,19.3415,NA,19.1033,0.6917,3.63,3.59,NA,3.76,33,37,2,8.6874,3.2208,5.4666,NA,5.6708,1.7337,0.614,1.1197,5.4156,14,1.4008,0.9029,0.7908,4.6406,1.4863,0.3329,0.3329,23.8,-22.4,24.0,16.7
red abalone,Ab54M,neon pink 54,macro,56.75,NA,56.74,57.2,5.801,5.797,37.98,4.131,18.236,19.06,27.4747,27.1146,NA,29.6407,2.166,5.06,5.32,NA,5.37,20,23,1,12.3869,5.2898,7.0971,NA,8.0039,2.8394,0.9748,1.8646,7.646,14,2.3490,1.5575,0.6237,7.0506,2.3474,0.4904,0.4904,20.9,56.3,19.7,8.4
red abalone,Ab55N,neon pink 55,starved,53.34,NA,53.73,53.62,5.409,5.391,36.33,3.875,16.409,16.193,18.9318,19.4254,NA,17.9763,-0.9555,3.93,3.94,NA,3.9,14,22,1,6.6494,2.8614,3.788,NA,6.0193,1.4201,0.5041,0.916,5.7306,14,1.8092,1.1848,0.6854,5.6786,1.8709,-0.3891,-0.3891,-21.5,-26.5,-22.7,0.9
red abalone,Ab56X,neon pink 56,mixed,54.6,NA,55.1,55.77,5.607,5.672,36.56,4.003,16.689,17.793,23.2481,26.9645,NA,25.6309,2.3828,4.68,4.98,NA,5.18,17,20,NA,10.3864,3.9718,6.4146,NA,7.6768,2.4979,0.8302,1.6677,7.3194,14,2.0086,1.3225,0.7937,6.1856,2.0878,0.4893,0.4893,24.4,4.6,26.1,18.3
red abalone,Ab57S,neon pink 57,sargassum,56.81,NA,57.42,57.56,5.722,5.806,36.81,3.978,17.256,18.304,24.458,29.0398,NA,26.0114,1.5534,5.04,5.04,NA,5.18,40,46,4,12.3189,4.6822,7.6367,NA,7.7403,2.5985,0.9413,1.6572,7.413,14,2.3585,1.5640,0.5541,7.0747,2.4550,0.2400,0.2400,10.2,69.9,6.0,4.8
red abalone,Ab58M,neon pink 58,macro,51.92,NA,52.49,52.58,5.31,5.31,35.59,3.826,15.735,15.966,17.1779,17.7515,NA,17.5471,0.3692,3.57,3.73,NA,3.67,16,54,3,8.0467,3.0536,4.9931,NA,5.6211,1.79,0.6298,1.1602,5.2816,14,1.5844,1.0296,0.6800,5.1073,1.6746,0.2056,0.2056,13.0,-7.4,12.7,3.4
red abalone,Ab59N,neon pink 59,starved,54.49,NA,54.6,54.57,5.61,5.485,38.96,4.078,17.926,17.557,22.023,21.7289,NA,18.5984,-3.4246,4.4,4.44,NA,4.42,9,27,2,7.354,3.009,4.345,NA,6.9366,1.4183,0.4164,1.0019,6.5371,14,1.9912,1.3105,0.8722,6.1413,2.0086,-0.5729,-0.5729,-28.8,-52.3,-23.5,6.4
red abalone,Ab60X,neon pink 60,mixed,58.41,NA,58.95,59.69,6.096,6.106,41.5,4.312,20.713,20.905,25.4404,27.5776,NA,28.0244,2.584,5.25,5.58,NA,5.58,52,21,1,12.4905,4.7432,7.7473,NA,8.2174,2.9866,0.9541,2.0325,7.9687,14,2.6117,1.7389,0.8134,7.7185,2.6972,0.3749,0.3749,14.4,17.3,16.9,3.2
red abalone,Ab61S,neon pink 61,sargassum,57.21,NA,57.89,58.49,5.849,5.922,39.59,4.309,19.269,20.444,25.8811,28.581,NA,30.503,4.6219,5.04,5.48,NA,5.54,6,37,1,12.7788,4.9514,7.8274,NA,8.4967,2.5675,0.9391,1.6284,8.0423,14,2.4218,1.6077,1.0619,7.2357,2.5294,0.1457,0.1457,6.0,-11.6,1.3,11.1
red abalone,Ab62M,neon pink 62,macro,62.28,NA,62.89,62.93,6.472,6.357,42.28,4.403,22.368,21.961,29.4862,31.4414,NA,33.219,3.7328,5.17,6.26,NA,6.29,12,11,1,13.8685,5.2665,8.602,NA,9.3458,3.3707,1.1174,2.2533,8.9648,14,3.2243,2.1618,0.6928,9.2755,3.3209,0.1464,0.1464,4.5,61.3,4.2,-3.4
red abalone,Ab63N,neon pink 63,starved,54.75,NA,54.9,54.8,NA,5.57,38.83,4.049,NA,17.498,20.3674,20.3107,NA,18.484,-1.8834,4.13,4.14,NA,4.08,7,16,1,7.2739,2.9265,4.3474,NA,6.2569,1.5869,0.4983,1.0886,5.9755,14,2.0324,1.3389,0.6761,6.2459,2.0561,-0.4455,-0.4455,-21.9,-26.3,-18.7,-4.3
red abalone,Ab64X,neon pink 64,mixed,54.41,NA,55.15,55.86,5.595,5.715,38.36,4.15,17.454,18.555,18.8695,24.5665,NA,21.6669,2.7974,4.97,5.29,NA,5.32,11,118,2,10.3079,3.8372,6.4707,NA,8.1778,2.2645,0.8436,1.4209,7.7982,14,1.9786,1.3018,0.9874,6.1091,2.0957,0.2859,0.2859,14.5,-14.6,9.2,27.6
red abalone,Ab65S,neon pink 65,sargassum,60.76,NA,61.18,61.17,6.302,6.22,43.33,4.548,22.397,22.047,27.813,33.7917,NA,27.6148,-0.1982,5.88,6.12,NA,5.57,15,15,1,13.4506,5.3449,8.1057,NA,9.2519,2.9243,1.022,1.9023,8.7876,14,2.9837,1.9957,0.6340,8.6640,3.0502,-0.0594,-0.0594,-2.0,61.2,-4.7,1.4
red abalone,Ab66M,neon pink 66,macro,53.55,NA,54.94,55.75,5.518,5.649,36.41,3.964,16.721,18.177,21.6926,23.506,NA,23.3176,1.625,4.91,5.32,NA,5.47,7,16,1,10.3603,4.1383,6.222,NA,8.1043,2.5393,0.8804,1.6589,7.8106,14,1.8424,1.2078,0.5212,5.7631,2.0625,0.6969,0.6969,37.8,68.9,37.4,35.5
red abalone,Ab67N,neon pink 67,starved,51.25,NA,51.49,51.51,5.27,5.138,34.63,3.595,15.231,14.909,NA,18.5205,NA,17.479,#VALUE!,NA,3.65,NA,3.58,11,23,1,6.3736,2.816,3.5576,NA,5.6197,1.2834,0.4042,0.8792,5.3698,14,1.4784,0.9564,0.4732,4.8377,1.5164,-0.1950,-0.1950,-13.2,-14.6,-8.1,11.0
red abalone,Ab68X,neon pink 68,mixed,50.27,NA,50.62,50.86,5.147,5.22,33.56,3.671,14.453,15.201,19.5081,18.2554,NA,20.4861,0.978,3.63,3.93,NA,3.97,12,10,1,8.7068,3.9073,4.7995,NA,6.0424,1.9564,0.8018,1.1546,5.7242,14,1.3232,0.8493,0.9976,4.4434,1.3786,0.6332,0.6332,47.8,-19.6,35.9,28.8
red abalone,Ab69S,neon pink 69,sargassum,60.97,NA,61.58,61.96,6.242,6.295,44.08,4.572,21.912,22.907,33.3548,32.8824,NA,34.2064,0.8516,5.88,6.31,NA,6.38,16,45,2,12.7207,4.9651,7.7556,NA,9.6537,2.9363,0.99,1.9463,9.2139,14,3.0169,2.0186,1.2354,8.7485,3.1135,-0.0806,-0.0806,-2.7,-19.9,-3.6,5.3
red abalone,Ab70M,neon pink 70,macro,65.82,NA,66.86,67.4,6.797,6.877,45.41,4.859,25.299,26.4,38.2594,43.9231,NA,43.7788,5.5194,7.51,7.97,NA,7.67,30,62,NA,18.9904,7.1918,11.7986,NA,11.742,4.7061,1.5548,3.1513,11.2767,14,3.7846,2.5486,0.9133,10.6998,3.9493,0.9215,0.9215,24.3,70.2,23.6,5.4
red abalone,Ab71N,neon pink 71,starved,59.25,NA,59.25,59.25,6.078,5.992,41.44,4.335,20.679,20.228,28.5608,26.9264,NA,26.9258,-1.635,5.49,5.44,NA,5.41,16,26,1,10.1993,4.0514,6.1479,NA,8.2326,2.0613,0.5834,1.4779,7.9258,14,2.7447,1.8307,0.7668,8.0564,2.7447,-0.6834,-0.6834,-24.9,-23.9,-19.3,-1.6
red abalone,Ab72X,neon pink 72,mixed,56.26,NA,56.66,57.65,5.772,5.816,37.55,4.124,18.126,18.797,23.806,27.2054,NA,26.5955,2.7895,5,5.3,NA,5.47,9,12,1,13.3483,5.303,8.0453,NA,8.343,2.9474,1.0523,1.8951,7.9006,14,2.2714,1.5039,0.7928,6.8534,2.3347,0.6760,0.6760,29.8,32.7,26.0,15.3
red abalone,Ab73S,neon pink 73,sargassum,56.79,NA,59.38,59.69,5.989,6.036,40.18,4.304,20.115,20.729,27.7284,27.3525,NA,27.2939,-0.4345,4.79,5.6,NA,5.32,21,30,1,12.9763,5.0427,7.9336,NA,8.5031,2.9707,0.9899,1.9808,8.1561,14,2.3553,1.5618,0.9109,7.0667,2.7653,0.6154,0.6154,26.1,8.7,26.8,15.4
red abalone,Ab74M,neon pink 74,macro,59.2,NA,59.5,59.71,6.046,6.077,38.4,4.213,19.079,20.252,28.6704,33.1313,NA,30.289,1.6186,        ,6.18,NA,6.31,66,31,1,13.7094,4.799,8.9104,NA,9.4309,3.4502,1.094,2.3562,8.9122,14,2.7368,1.8252,0.9589,8.0363,2.7843,0.7134,0.7134,26.1,14.1,29.1,10.9
red abalone,Ab75N,neon pink 75,starved,60.18,NA,60.33,60.33,6.196,6.107,40.77,4.234,20.806,20.228,27.9694,25.9278,NA,25.37,-2.5994,5.32,5.29,NA,5.26,21,22,1,10.5205,3.9358,6.5847,NA,7.9696,1.9849,0.6531,1.3318,7.7117,14,2.8919,1.9323,0.5006,8.4306,2.9156,-0.9070,-0.9070,-31.4,30.5,-31.1,-8.5
red abalone,Ab76X,neon pink 76,mixed,50.83,NA,51.43,51.71,5.252,5.27,35.92,3.925,15.68,16.285,16.9347,20.585,NA,20.0358,3.1011,3.37,3.71,NA,3.79,8,29,2,7.1062,2.6272,4.479,NA,5.7579,1.702,0.5415,1.1605,5.4309,14,1.4119,0.9105,0.5541,4.6687,1.5069,0.2901,0.2901,20.5,-2.3,27.5,16.3
red abalone,Ab77S,neon pink 77,sargassum,51.92,NA,52.25,52.81,5.337,5.345,35.45,3.746,15.42,15.822,19.0943,20.0134,NA,19.9656,0.8713,3.57,3.57,NA,3.59,5,67,4,9.7462,3.9154,5.8308,NA,5.7027,1.6714,0.6018,1.0696,5.3725,14,1.5844,1.0296,0.6389,5.1073,1.6367,0.0870,0.0870,5.5,-5.8,3.9,5.2
red abalone,Ab78M,neon pink 78,macro,53.65,NA,54.16,54.41,5.472,5.537,35.99,3.911,16.276,17.047,20.7129,21.3849,NA,21.4896,0.7767,4.01,4.02,NA,4.19,36,34,1,11.1983,4.1121,7.0862,NA,6.645,2.0404,0.7335,1.3069,5.9869,14,1.8583,1.2187,1.0579,5.8033,1.9390,0.1821,0.1821,9.8,-30.7,7.2,3.2
red abalone,Ab79N,neon pink 79,starved,62.2,NA,62.19,62.25,6.386,6.339,44.22,4.533,22.803,22.735,32.9349,33.2183,NA,29.746,-3.1889,6.17,6.14,NA,6.12,54,25,2,11.1665,4.1049,7.0616,NA,9.2643,2.5993,0.8188,1.7805,8.8869,14,3.2116,2.1530,0.5526,9.2433,3.2101,-0.6123,-0.6123,-19.1,48.2,-17.3,-3.9
red abalone,Ab80X,neon pink 80,mixed,51.89,NA,52.12,52.6,5.211,5.314,33.06,3.636,13.764,15.359,19.0115,21.1105,NA,20.2066,1.1951,3.74,3.6,NA,3.86,11,38,2,8.3053,3.4156,4.8897,NA,5.8844,1.9522,0.7571,1.1951,5.5936,14,1.5797,1.0264,-1.5207,5.0952,1.6161,0.3725,0.3725,23.6,-149.8,16.4,9.8
tegula,T129S,neon yellow 29,sargassum,9.59,9.85,10.37,10.24,NA,NA,NA,NA,NA,NA,0.6756,0.7165,0.7482,0.782,0.1064,0.2767,0.3309,0.3596,0.3689,NA,NA,NA,0.1396,NA,NA,NA,NA,0.0428,NA,NA,0.5796,14,0.0283,NA,NA,0.5445,0.0318,0.0145,0.0145,51.1,NA,NA,6.4
tegula,T130M,neon yellow 30,macro,6.49,5.64,6.32,6.39,NA,NA,NA,NA,NA,NA,0.1646,0.181,0.1975,0.2001,0.0355,0.0563,0.0837,0.095,0.0953,NA,NA,NA,0.0486,NA,NA,NA,NA,0.0102,NA,NA,0.1521,14,0.0145,NA,NA,0.1791,0.0137,-0.0043,-0.0043,-29.6,NA,NA,-15.1
tegula,T131N,neon yellow 31,starved,9.82,9.54,10.19,9.96,NA,NA,NA,NA,NA,NA,0.7909,0.7759,0.7717,0.8321,0.0412,0.3381,0.3739,0.3842,0.3812,NA,NA,NA,0.1663,NA,NA,NA,NA,0.0315,NA,NA,0.606,14,0.0293,NA,NA,0.5717,0.0310,0.0022,0.0022,7.3,NA,NA,6.0
tegula,T132X,neon yellow 32,mixed,5.99,6.41,7.12,6.75,NA,NA,NA,NA,NA,NA,0.2122,0.2499,0.2639,0.2864,0.0742,0.0895,0.1085,0.1244,0.1284,NA,NA,NA,0.0513,NA,NA,NA,NA,0.0173,NA,NA,0.1961,14,0.0123,NA,NA,0.1201,0.0173,0.0050,0.0050,41.2,NA,NA,63.2
tegula,T133S,neon yellow 33,sargassum,9.53,9.16,10.15,9.85,NA,NA,NA,NA,NA,NA,0.6443,0.7152,0.7372,0.7817,0.1374,0.266,0.3327,0.3766,0.3902,NA,NA,NA,0.1657,NA,NA,NA,NA,0.0351,NA,NA,0.6118,14,0.0281,NA,NA,0.5375,0.0308,0.0070,0.0070,25.1,NA,NA,13.8
tegula,T134M,neon yellow 34,macro,7.22,7.34,7.68,7.8,NA,NA,NA,NA,NA,NA,0.2631,0.2871,0.3078,0.335,0.0719,0.0776,0.1358,0.1485,0.1527,NA,NA,NA,0.0562,NA,NA,NA,NA,0.017,NA,NA,0.2453,14,0.0177,NA,NA,0.2651,0.0198,-0.0007,-0.0007,-4.2,NA,NA,-7.5
tegula,T135N,neon yellow 35,starved,8.83,8.72,8.94,8.78,NA,NA,NA,NA,NA,NA,0.5178,0.5201,0.5095,0.5299,0.0121,0.2305,0.2293,0.258,0.2563,NA,NA,NA,0.0933,NA,NA,NA,NA,0.0261,NA,NA,0.4155,14,0.0249,NA,NA,0.4549,0.0254,0.0012,0.0012,4.7,NA,NA,-8.7
tegula,T136X,neon yellow 36,mixed,9.13,9.53,10.46,10.04,NA,NA,NA,NA,NA,NA,0.6279,0.7286,0.7852,0.846,0.2181,0.251,0.3235,0.3867,0.4114,NA,NA,NA,0.1435,NA,NA,NA,NA,0.0375,NA,NA,0.6585,14,0.0263,NA,NA,0.4903,0.0322,0.0112,0.0112,42.8,NA,NA,34.3
tegula,T137S,neon yellow 37,sargassum,5.66,5.93,6.55,6.88,NA,NA,NA,NA,NA,NA,0.1578,0.1753,0.1882,0.2139,0.0561,0.06,0.0708,0.0901,0.0928,NA,NA,NA,0.0491,NA,NA,NA,NA,0.0084,NA,NA,0.1444,14,0.0108,NA,NA,0.0812,0.0148,-0.0024,-0.0024,-22.1,NA,NA,77.8
tegula,T138M,neon yellow 38,macro,6.36,5.48,6.53,6.95,NA,NA,NA,NA,NA,NA,0.1741,0.206,0.2277,0.2434,0.0693,0.0614,0.0927,0.1196,0.1144,NA,NA,NA,0.0417,NA,NA,NA,NA,0.0122,NA,NA,0.1821,14,0.0139,NA,NA,0.1638,0.0147,-0.0017,-0.0017,-12.3,NA,NA,11.2
tegula,T139N,neon yellow 39,starved,6.83,7.16,7.16,6.93,NA,NA,NA,NA,NA,NA,0.2862,0.3025,0.292,0.3058,0.0196,0.1257,0.1422,0.1474,0.1456,NA,NA,NA,0.0381,NA,NA,NA,NA,0.0088,NA,NA,0.237,14,0.0160,NA,NA,0.2192,0.0175,-0.0072,-0.0072,-45.0,NA,NA,8.1
tegula,T140X,neon yellow 40,mixed,9.31,10.19,9.92,10.13,NA,NA,NA,NA,NA,NA,0.6763,0.7495,0.7747,0.7984,0.1221,0.3232,0.3555,0.3499,0.3906,NA,NA,NA,0.1432,NA,NA,NA,NA,0.0456,NA,NA,0.6007,14,0.0271,NA,NA,0.5115,0.0298,0.0185,0.0185,68.4,NA,NA,17.4
tegula,T141S,neon yellow 41,sargassum,8.17,8.16,9.08,9.02,NA,NA,NA,NA,NA,NA,0.3923,0.458,0.5001,0.5528,0.1605,0.1678,0.2188,0.2471,0.2607,NA,NA,NA,0.1392,NA,NA,NA,NA,0.0329,NA,NA,0.4053,14,0.0220,NA,NA,0.3771,0.0260,0.0109,0.0109,49.6,NA,NA,7.5
tegula,T142M,neon yellow 42,macro,7.2,7.34,7.78,7.36,NA,NA,NA,NA,NA,NA,0.3015,0.3213,0.3362,0.3566,0.0551,0.1186,0.1403,0.1638,0.1664,NA,NA,NA,0.0563,NA,NA,NA,NA,0.0153,NA,NA,0.2647,14,0.0177,NA,NA,0.2628,0.0202,-0.0024,-0.0024,-13.3,NA,NA,0.7
tegula,T143N,neon yellow 43,starved,7.5,6.46,6.95,6.81,NA,NA,NA,NA,NA,NA,0.2608,0.2704,0.2658,0.2829,0.0221,0.095,0.1216,0.1377,0.1348,NA,NA,NA,0.0547,NA,NA,NA,NA,0.0231,NA,NA,0.2013,14,0.0190,NA,NA,0.2982,0.0165,0.0041,0.0041,21.6,NA,NA,-32.5
tegula,T144X,neon yellow 44,mixed,8.53,8.54,8.64,8.74,NA,NA,NA,NA,NA,NA,0.395,0.4579,0.4823,0.5135,0.1185,0.1457,0.2043,0.2341,0.248,NA,NA,NA,0.0973,NA,NA,NA,NA,0.0279,NA,NA,0.3827,14,0.0236,NA,NA,0.4196,0.0241,0.0043,0.0043,18.3,NA,NA,-8.8
tegula,T145S,neon yellow 45,sargassum,8.34,8.81,9.26,8.8,NA,NA,NA,NA,NA,NA,0.5052,0.5098,0.548,0.5843,0.0791,0.1953,0.2156,0.2628,0.2722,NA,NA,NA,0.1187,NA,NA,NA,NA,0.0291,NA,NA,0.4317,14,0.0227,NA,NA,0.3972,0.0268,0.0064,0.0064,27.9,NA,NA,8.7
tegula,T146M,neon yellow 46,macro,8.42,8.46,9.39,8.98,NA,NA,NA,NA,NA,NA,0.4824,0.5164,0.5565,0.5766,0.0942,0.1971,0.2416,0.2792,0.2921,NA,NA,NA,0.1122,NA,NA,NA,NA,0.0262,NA,NA,0.4606,14,0.0231,NA,NA,0.4066,0.0274,0.0031,0.0031,13.4,NA,NA,13.3
tegula,T147N,neon yellow 47,starved,7.44,7.79,8.26,7.56,NA,NA,NA,NA,NA,NA,0.4018,0.424,0.4199,0.4516,0.0498,0.174,0.2027,0.2117,0.2083,NA,NA,NA,0.0913,NA,NA,NA,NA,0.0243,NA,NA,0.3165,14,0.0187,NA,NA,0.2911,0.0224,0.0056,0.0056,29.8,NA,NA,8.7
tegula,T148X,neon yellow 48,mixed,7.41,7.91,8.47,8.1,NA,NA,NA,NA,NA,NA,0.3189,0.3834,0.4184,0.4474,0.1285,0.1324,0.1632,0.21,0.2124,NA,NA,NA,0.0988,NA,NA,NA,NA,0.0253,NA,NA,0.3417,14,0.0186,NA,NA,0.2875,0.0233,0.0067,0.0067,36.1,NA,NA,18.8
tegula,T149S,neon yellow 49,sargassum,6.99,7.33,8,7.9,NA,NA,NA,NA,NA,NA,0.2498,0.3158,0.3474,0.3742,0.1244,0.1084,0.1408,0.171,0.1837,NA,NA,NA,0.0865,NA,NA,NA,NA,0.0241,NA,NA,0.2845,14,0.0167,NA,NA,0.2380,0.0212,0.0074,0.0074,44.2,NA,NA,19.5
tegula,T150M,neon yellow 50,macro,6.75,6.81,7.67,7.69,NA,NA,NA,NA,NA,NA,0.3174,0.3404,0.3654,0.3881,0.0707,0.1229,0.1588,0.1828,0.1904,NA,NA,NA,0.0723,NA,NA,NA,NA,0.0202,NA,NA,0.3031,14,0.0156,NA,NA,0.2097,0.0198,0.0046,0.0046,29.1,NA,NA,44.5
tegula,T151N,neon yellow 51,starved,6.46,5.53,6.59,6.63,NA,NA,NA,NA,NA,NA,0.2016,0.2171,0.2184,0.2325,0.0309,0.0776,0.1018,0.1105,0.1105,NA,NA,NA,0.0356,NA,NA,NA,NA,0.0092,NA,NA,0.1728,14,0.0144,NA,NA,0.1755,0.0149,-0.0052,-0.0052,-35.9,NA,NA,-1.6
tegula,T152X,neon yellow 52,mixed,6.4,6.06,7.24,6.82,NA,NA,NA,NA,NA,NA,0.1927,0.2308,0.2496,0.2726,0.0799,0.0613,0.1054,0.1279,0.1267,NA,NA,NA,0.0644,NA,NA,NA,NA,0.0172,NA,NA,0.1976,14,0.0141,NA,NA,0.1685,0.0178,0.0031,0.0031,22.1,NA,NA,17.3
tegula,T153S,neon yellow 53,sargassum,6.7,7.01,7.48,7.66,NA,NA,NA,NA,NA,NA,0.315,0.3283,0.3399,0.3699,0.0549,0.1245,0.1422,0.1642,0.1664,NA,NA,NA,0.0732,NA,NA,NA,NA,0.021,NA,NA,0.2647,14,0.0154,NA,NA,0.2038,0.0189,0.0056,0.0056,36.2,NA,NA,29.9
tegula,T154M,neon yellow 54,macro,9.65,9.11,9.95,9.64,NA,NA,NA,NA,NA,NA,0.6614,0.6925,0.7293,0.7626,0.1012,0.2979,0.3407,0.3593,0.3698,NA,NA,NA,0.1487,NA,NA,NA,NA,0.038,NA,NA,0.5828,14,0.0286,NA,NA,0.5516,0.0299,0.0094,0.0094,32.9,NA,NA,5.7
tegula,T155N,neon yellow 55,starved,5.23,5.68,5.69,6.02,NA,NA,NA,NA,NA,NA,0.151,0.1581,0.1615,0.17,0.019,0.0527,0.0566,0.0801,0.0812,NA,NA,NA,0.0298,NA,NA,NA,NA,0.008,NA,NA,0.1245,14,0.0089,NA,NA,0.0305,0.0109,-0.0009,-0.0009,-9.7,NA,NA,307.6
tegula,T156X,neon yellow 56,mixed,7.13,7.71,7.99,8.17,NA,NA,NA,NA,NA,NA,0.3016,0.3672,0.393,0.4127,0.1111,0.1276,0.1771,0.1882,0.1992,NA,NA,NA,0.0989,NA,NA,NA,NA,0.0232,NA,NA,0.3064,14,0.0173,NA,NA,0.2545,0.0212,0.0059,0.0059,33.8,NA,NA,20.4
tegula,T157S,neon yellow 57,sargassum,7.03,7.55,7.9,7.88,NA,NA,NA,NA,NA,NA,0.2865,0.3468,0.3766,0.402,0.1155,0.1078,0.1523,0.1752,0.1925,NA,NA,NA,0.0841,NA,NA,NA,NA,0.0246,NA,NA,0.2924,14,0.0169,NA,NA,0.2427,0.0208,0.0077,0.0077,45.6,NA,NA,20.5
tegula,T158M,neon yellow 58,macro,8.69,9.16,9.99,9.58,NA,NA,NA,NA,NA,NA,0.5907,0.6372,0.6625,0.6931,0.1024,0.2669,0.3095,0.3297,0.3346,NA,NA,NA,0.1101,NA,NA,NA,NA,0.0348,NA,NA,0.53,14,0.0243,NA,NA,0.4384,0.0301,0.0105,0.0105,43.2,NA,NA,20.9
tegula,T159N,neon yellow 59,starved,9.51,9.38,9.66,9.47,NA,NA,NA,NA,NA,NA,0.501,0.5207,0.5163,0.5424,0.0414,0.2338,0.2592,0.2622,0.2605,NA,NA,NA,0.0865,NA,NA,NA,NA,0.0197,NA,NA,0.4129,14,0.0280,NA,NA,0.5351,0.0286,-0.0083,-0.0083,-29.6,NA,NA,-22.8
tegula,T160X,neon yellow 60,mixed,8.03,8.53,8.95,9.13,NA,NA,NA,NA,NA,NA,0.406,0.4884,0.5408,0.5651,0.1591,0.182,0.2305,0.2559,0.2826,NA,NA,NA,0.1136,NA,NA,NA,NA,0.0238,NA,NA,0.4412,14,0.0214,NA,NA,0.3606,0.0255,0.0024,0.0024,11.4,NA,NA,22.3
tegula,T161S,neon yellow 61,sargassum,9.01,9.69,10.16,10.11,NA,NA,NA,NA,NA,NA,0.6106,0.704,0.7451,0.8012,0.1906,0.2741,0.3084,0.3294,0.3845,NA,NA,NA,0.1526,NA,NA,NA,NA,0.0469,NA,NA,0.6028,14,0.0257,NA,NA,0.4762,0.0309,0.0212,0.0212,82.3,NA,NA,26.6
tegula,T162M,neon yellow 62,macro,5.97,5.91,6.72,6.21,NA,NA,NA,NA,NA,NA,0.1826,0.2072,0.2222,0.2346,0.052,0.0563,0.0946,0.1085,0.1091,NA,NA,NA,0.0498,NA,NA,NA,NA,0.0166,NA,NA,0.1666,14,0.0122,NA,NA,0.1178,0.0155,0.0044,0.0044,36.4,NA,NA,41.4
tegula,T163N,neon yellow 63,starved,7.6,7.91,8.16,7.55,NA,NA,NA,NA,NA,NA,0.36,0.397,0.3958,0.4166,0.0566,0.1495,0.1919,0.1971,0.1961,NA,NA,NA,0.0638,NA,NA,NA,NA,0.0146,NA,NA,0.3196,14,0.0194,NA,NA,0.3099,0.0219,-0.0048,-0.0048,-24.9,NA,NA,3.1
tegula,T164X,neon yellow 64,mixed,7.29,6.79,8.32,8.15,NA,NA,NA,NA,NA,NA,0.3274,0.3851,0.419,0.4474,0.12,0.1254,0.1878,0.21,0.212,NA,NA,NA,0.0872,NA,NA,NA,NA,0.0208,NA,NA,0.3388,14,0.0181,NA,NA,0.2734,0.0227,0.0027,0.0027,15.2,NA,NA,23.9
tegula,T165S,neon yellow 65,sargassum,6.85,7.23,7.74,7.34,NA,NA,NA,NA,NA,NA,0.2811,0.3083,0.3261,0.3512,0.0701,0.1027,0.1415,0.1659,0.1711,NA,NA,NA,0.0635,NA,NA,NA,NA,0.0167,NA,NA,0.273,14,0.0161,NA,NA,0.2215,0.0201,0.0006,0.0006,3.8,NA,NA,23.2
tegula,T166M,neon yellow 66,macro,7.06,7.18,7.59,7.38,NA,NA,NA,NA,NA,NA,0.3008,0.3267,0.3295,0.3462,0.0454,0.1425,0.1556,0.1538,0.1587,NA,NA,NA,0.0635,NA,NA,NA,NA,0.0137,NA,NA,0.2652,14,0.0170,NA,NA,0.2463,0.0194,-0.0033,-0.0033,-19.6,NA,NA,7.7
tegula,T167N,neon yellow 67,starved,8.27,8.11,8.5,8.46,NA,NA,NA,NA,NA,NA,0.3608,0.3892,0.3776,0.4018,0.041,0.1115,0.1881,0.1905,0.189,NA,NA,NA,0.0876,NA,NA,NA,NA,0.034,NA,NA,0.2726,14,0.0224,NA,NA,0.3889,0.0235,0.0116,0.0116,51.6,NA,NA,-29.9
tegula,T168X,neon yellow 68,mixed,7.44,7.83,8.19,8.55,NA,NA,NA,NA,NA,NA,0.3179,0.378,0.3994,0.4252,0.1073,0.1506,0.1553,0.1935,0.1998,NA,NA,NA,0.0884,NA,NA,NA,NA,0.0237,NA,NA,0.3179,14,0.0187,NA,NA,0.2911,0.0221,0.0050,0.0050,26.6,NA,NA,9.2
tegula,T169S,neon yellow 69,sargassum,8.33,8.67,9.39,8.98,NA,NA,NA,NA,NA,NA,0.4972,0.5842,0.6152,0.6659,0.1687,0.1946,0.238,0.2941,0.3068,NA,NA,NA,0.1225,NA,NA,NA,NA,0.0313,NA,NA,0.4857,14,0.0227,NA,NA,0.3960,0.0274,0.0086,0.0086,37.9,NA,NA,22.7
tegula,T170M,neon yellow 70,macro,6.65,6.53,6.89,6.73,NA,NA,NA,NA,NA,NA,0.2348,0.2509,0.2672,0.2848,0.05,0.0861,0.1098,0.1267,0.1277,NA,NA,NA,0.059,NA,NA,NA,NA,0.0142,NA,NA,0.2049,14,0.0152,NA,NA,0.1979,0.0163,-0.0010,-0.0010,-6.6,NA,NA,3.5
tegula,T171N,neon yellow 71,starved,6.51,6.99,7.24,7.29,NA,NA,NA,NA,NA,NA,0.2489,0.2505,0.2469,0.2642,0.0153,0.1083,0.1191,0.124,0.1213,NA,NA,NA,0.0461,NA,NA,NA,NA,0.0097,NA,NA,0.1975,14,0.0146,NA,NA,0.1814,0.0178,-0.0049,-0.0049,-33.5,NA,NA,8.9
tegula,T172X,neon yellow 72,mixed,8.94,8.92,9.89,9.99,NA,NA,NA,NA,NA,NA,0.4918,0.5868,0.628,0.6838,0.192,0.2374,0.2708,0.3139,0.334,NA,NA,NA,0.1372,NA,NA,NA,NA,0.0344,NA,NA,0.522,14,0.0254,NA,NA,0.4679,0.0297,0.0090,0.0090,35.3,NA,NA,11.6
tegula,T173S,neon yellow 73,sargassum,6.13,6.76,7.57,7.43,NA,NA,NA,NA,NA,NA,0.2333,0.2931,0.315,0.3367,0.1034,0.0908,0.1149,0.1423,0.1628,NA,NA,NA,0.0751,NA,NA,NA,NA,0.02,NA,NA,0.2568,14,0.0129,NA,NA,0.1366,0.0193,0.0071,0.0071,55.3,NA,NA,87.9
tegula,T174M,neon yellow 74,macro,7.03,6.19,7.78,7.7,NA,NA,NA,NA,NA,NA,0.286,0.3249,0.3508,0.3603,0.0743,0.1204,0.144,0.1738,0.18,NA,NA,NA,0.0663,NA,NA,NA,NA,0.0168,NA,NA,0.2887,14,0.0169,NA,NA,0.2427,0.0202,-0.0001,-0.0001,-0.6,NA,NA,18.9
tegula,T175N,neon yellow 75,starved,8.67,8.92,8.82,8.63,NA,NA,NA,NA,NA,NA,0.5494,0.5726,0.5504,0.5685,0.0191,0.2415,0.2643,0.2656,0.2672,NA,NA,NA,0.1208,NA,NA,NA,NA,0.0237,NA,NA,0.4244,14,0.0242,NA,NA,0.4361,0.0249,-0.0005,-0.0005,-2.1,NA,NA,-2.7
tegula,T176X,neon yellow 76,mixed,6.02,5.91,6.6,6.89,NA,NA,NA,NA,NA,NA,0.194,0.2172,0.2393,0.2633,0.0693,0.0814,0.0965,0.1207,0.1218,NA,NA,NA,0.0606,NA,NA,NA,NA,0.0156,NA,NA,0.1965,14,0.0124,NA,NA,0.1237,0.0150,0.0032,0.0032,25.9,NA,NA,58.9
tegula,T177S,neon yellow 77,sargassum,8.37,8.61,8.96,8.29,NA,NA,NA,NA,NA,NA,0.437,0.4846,0.5026,0.5261,0.0891,0.1518,0.1985,0.2445,0.2522,NA,NA,NA,0.1037,NA,NA,NA,NA,0.0269,NA,NA,0.3997,14,0.0229,NA,NA,0.4007,0.0255,0.0040,0.0040,17.6,NA,NA,-0.3
tegula,T178M,neon yellow 78,macro,8.04,7.74,8.47,8.36,NA,NA,NA,NA,NA,NA,0.3671,0.4123,0.4214,0.4343,0.0672,0.1714,0.1962,0.2109,0.2119,NA,NA,NA,0.0801,NA,NA,NA,NA,0.0167,NA,NA,0.3284,14,0.0214,NA,NA,0.3618,0.0233,-0.0047,-0.0047,-22.0,NA,NA,-9.2
tegula,T179N,neon yellow 79,starved,6.33,6.18,6.61,6.14,NA,NA,NA,NA,NA,NA,0.2089,0.2252,0.2278,0.2337,0.0248,NA,0.1116,0.1149,0.1119,NA,NA,NA,0.0468,NA,NA,NA,NA,0.0174,NA,NA,0.1703,14,0.0138,NA,NA,0.1602,0.0150,0.0036,0.0036,26.3,NA,NA,6.3
tegula,T180X,neon yellow 80,mixed,7.07,6.89,7.72,7.85,NA,NA,NA,NA,NA,NA,0.2753,0.3005,0.325,0.3573,0.082,0.1205,0.137,0.1586,0.1634,NA,NA,NA,0.0734,NA,NA,NA,NA,0.0215,NA,NA,0.2604,14,0.0171,NA,NA,0.2475,0.0200,0.0044,0.0044,25.9,NA,NA,5.2
tegula,T181S,neon yellow 81,sargassum,8.06,8.17,8.73,9.25,NA,NA,NA,NA,NA,NA,0.4082,0.4899,0.5264,0.5924,0.1842,0.1966,0.2284,0.2626,0.2741,NA,NA,NA,0.1081,NA,NA,NA,NA,0.0251,NA,NA,0.4366,14,0.0215,NA,NA,0.3642,0.0245,0.0036,0.0036,16.8,NA,NA,19.9
tegula,T182M,neon yellow 82,macro,7.95,8.08,8.83,8.49,NA,NA,NA,NA,NA,NA,0.4405,0.4821,0.5122,0.5277,0.0872,0.18,0.2231,0.2422,0.2453,NA,NA,NA,0.1162,NA,NA,NA,NA,0.0312,NA,NA,0.3912,14,0.0210,NA,NA,0.3512,0.0249,0.0102,0.0102,48.6,NA,NA,11.4
tegula,T183N,neon yellow 83,starved,7.78,7.7,8.2,8.04,NA,NA,NA,NA,NA,NA,0.3516,0.3733,0.361,0.3789,0.0273,0.145,0.1789,0.1818,0.1808,NA,NA,NA,0.0655,NA,NA,NA,NA,0.0139,NA,NA,0.2905,14,0.0202,NA,NA,0.3312,0.0221,-0.0063,-0.0063,-31.3,NA,NA,-12.3
tegula,T184X,neon yellow 84,mixed,8.97,8.5,10.01,9.69,NA,NA,NA,NA,NA,NA,0.512,0.5959,0.646,0.7091,0.1971,0.2461,0.2911,0.33,0.3252,NA,NA,NA,0.1556,NA,NA,NA,NA,0.03,NA,NA,0.5336,14,0.0256,NA,NA,0.4714,0.0302,0.0044,0.0044,17.4,NA,NA,13.2
tegula,T185S,neon yellow 85,sargassum,6.98,7.78,8.18,7.74,NA,NA,NA,NA,NA,NA,0.3259,0.3653,0.3938,0.4141,0.0882,0.1502,0.1566,0.1889,0.1967,NA,NA,NA,0.0962,NA,NA,NA,NA,0.0272,NA,NA,0.2948,14,0.0167,NA,NA,0.2368,0.0220,0.0105,0.0105,63.1,NA,NA,24.5
tegula,T186M,neon yellow 86,macro,6.31,5.92,6.24,6.32,NA,NA,NA,NA,NA,NA,0.184,0.1954,0.1986,0.2088,0.0248,0.0854,0.0733,0.0965,0.0977,NA,NA,NA,0.033,NA,NA,NA,NA,0.0092,NA,NA,0.1602,14,0.0137,NA,NA,0.1579,0.0134,-0.0045,-0.0045,-32.8,NA,NA,1.5
tegula,T187N,neon yellow 87,starved,5.94,6.46,6.55,6.83,NA,NA,NA,NA,NA,NA,0.2234,0.2355,0.238,0.2543,0.0309,0.1106,0.0998,0.1179,0.1147,NA,NA,NA,0.0485,NA,NA,NA,NA,0.0144,NA,NA,0.1804,14,0.0120,NA,NA,0.1142,0.0148,0.0024,0.0024,19.7,NA,NA,57.9
tegula,T188X,neon yellow 88,mixed,7.75,8.79,9.42,8.63,NA,NA,NA,NA,NA,NA,0.4277,0.5147,0.554,0.6187,0.191,0.2011,0.2378,0.2731,0.3047,NA,NA,NA,0.1262,NA,NA,NA,NA,0.0359,NA,NA,0.4572,14,0.0201,NA,NA,0.3276,0.0276,0.0158,0.0158,78.5,NA,NA,39.6
tegula,T189S,neon yellow 89,sargassum,7.39,7.86,8.6,8.49,NA,NA,NA,NA,NA,NA,0.3612,0.4196,0.4558,0.491,0.1298,0.1575,0.192,0.2309,0.2415,NA,NA,NA,0.0961,NA,NA,NA,NA,0.0241,NA,NA,0.3807,14,0.0185,NA,NA,0.2852,0.0239,0.0056,0.0056,30.2,NA,NA,33.5
tegula,T190M,neon yellow 90,macro,8.41,8.42,9.36,9.08,NA,NA,NA,NA,NA,NA,0.5389,0.5866,0.611,0.6189,0.08,0.249,0.2846,0.3144,0.3107,NA,NA,NA,0.1282,NA,NA,NA,NA,0.0298,NA,NA,0.4908,14,0.0231,NA,NA,0.4054,0.0273,0.0067,0.0067,29.3,NA,NA,21.1
tegula,T191N,neon yellow 91,starved,7.88,8.61,8.82,8.45,NA,NA,NA,NA,NA,NA,0.4661,0.497,0.4933,0.5222,0.0561,0.2052,0.2244,0.2542,0.2491,NA,NA,NA,0.0808,NA,NA,NA,NA,0.0184,NA,NA,0.3986,14,0.0207,NA,NA,0.3429,0.0249,-0.0023,-0.0023,-11.1,NA,NA,16.2
tegula,T192X,neon yellow 92,mixed,7.41,7.63,7.47,8.12,NA,NA,NA,NA,NA,NA,0.3142,0.3613,0.3945,0.4188,0.1046,0.1142,0.1444,0.1777,0.1879,NA,NA,NA,0.1072,NA,NA,NA,NA,0.0319,NA,NA,0.2826,14,0.0186,NA,NA,0.2875,0.0189,0.0133,0.0133,71.6,NA,NA,-1.7
tegula,T193S,neon yellow 93,sargassum,9.45,10.08,10.31,9.96,NA,NA,NA,NA,NA,NA,0.6421,0.6845,0.7151,0.7463,0.1042,0.2841,0.3057,0.3427,0.3501,NA,NA,NA,0.1385,NA,NA,NA,NA,0.0338,NA,NA,0.5399,14,0.0277,NA,NA,0.5280,0.0315,0.0061,0.0061,22.0,NA,NA,2.2
tegula,T194M,neon yellow 94,macro,7.81,7.36,8.3,7.56,NA,NA,NA,NA,NA,NA,0.3915,0.4122,0.4388,0.4619,0.0704,0.1779,0.1882,0.2261,0.2175,NA,NA,NA,0.0981,NA,NA,NA,NA,0.0277,NA,NA,0.3297,14,0.0204,NA,NA,0.3347,0.0226,0.0073,0.0073,35.9,NA,NA,-1.5
tegula,T195N,neon yellow 95,starved,6.35,7.11,7.13,7.34,NA,NA,NA,NA,NA,NA,0.2499,0.2727,0.2717,0.2816,0.0317,0.1028,0.1241,0.1372,0.134,NA,NA,NA,0.0477,NA,NA,NA,NA,0.0101,NA,NA,0.2195,14,0.0139,NA,NA,0.1626,0.0173,-0.0038,-0.0038,-27.1,NA,NA,35.0
tegula,T196X,neon yellow 96,mixed,7.88,7.82,8.71,8,NA,NA,NA,NA,NA,NA,0.3779,0.4339,0.4596,0.5041,0.1262,0.1845,0.2136,0.23,0.2179,NA,NA,NA,0.0875,NA,NA,NA,NA,0.0253,NA,NA,0.3715,14,0.0207,NA,NA,0.3429,0.0244,0.0046,0.0046,22.3,NA,NA,8.3
tegula,T197S,neon yellow 97,sargassum,6.74,6.95,7.44,7.15,NA,NA,NA,NA,NA,NA,0.2528,0.287,0.3068,0.3179,0.0651,0.1107,0.1411,0.1543,0.1557,NA,NA,NA,0.0636,NA,NA,NA,NA,0.0162,NA,NA,0.2453,14,0.0156,NA,NA,0.2086,0.0187,0.0006,0.0006,3.8,NA,NA,17.6
tegula,T198M,neon yellow 98,macro,7.81,8.02,8.61,8.27,NA,NA,NA,NA,NA,NA,0.4467,0.4621,0.4915,0.5119,0.0652,0.212,0.2168,0.2452,0.253,NA,NA,NA,0.1016,NA,NA,NA,NA,0.0283,NA,NA,0.3999,14,0.0204,NA,NA,0.3347,0.0239,0.0079,0.0079,38.9,NA,NA,19.5
tegula,T199N,neon yellow 99,starved,8.66,8.39,8.46,8.31,NA,NA,NA,NA,NA,NA,0.4711,0.475,0.4652,0.4899,0.0188,0.2197,0.2377,0.24,0.2382,NA,NA,NA,0.0822,NA,NA,NA,NA,0.0164,NA,NA,0.3816,14,0.0242,NA,NA,0.4349,0.0233,-0.0078,-0.0078,-32.2,NA,NA,-12.3
tegula,T200X,neon yellow 100,mixed,7.12,7.64,7.69,7.45,NA,NA,NA,NA,NA,NA,0.3002,0.3502,0.3732,0.4003,0.1001,0.1061,0.1482,0.1714,0.1821,NA,NA,NA,0.1075,NA,NA,NA,NA,0.0348,NA,NA,0.2776,14,0.0173,NA,NA,0.2534,0.0198,0.0175,0.0175,101.2,NA,NA,9.6
tegula,T201S,neon yellow 101,sargassum,9.12,9.95,10.35,10.49,NA,NA,NA,NA,NA,NA,0.6469,0.7255,0.7671,0.8265,0.1796,0.2782,0.3258,0.3836,0.3933,NA,NA,NA,0.1951,NA,NA,NA,NA,0.0417,NA,NA,0.6208,14,0.0262,NA,NA,0.4891,0.0317,0.0155,0.0155,59.0,NA,NA,26.9
tegula,T202M,neon yellow 102,macro,7.1,6.56,7.35,7.48,NA,NA,NA,NA,NA,NA,0.2548,0.2898,0.3143,0.3446,0.0898,0.1054,0.1267,0.1517,0.1612,NA,NA,NA,0.0587,NA,NA,NA,NA,0.0134,NA,NA,0.246,14,0.0172,NA,NA,0.2510,0.0183,-0.0038,-0.0038,-22.1,NA,NA,-2.0
tegula,T203N,neon yellow 103,starved,7.67,7.96,7.73,7.68,NA,NA,NA,NA,NA,NA,0.3559,0.3607,0.3568,0.3809,0.025,0.1595,0.1598,0.1782,0.176,NA,NA,NA,0.0708,NA,NA,NA,NA,0.0244,NA,NA,0.2714,14,0.0198,NA,NA,0.3182,0.0200,0.0046,0.0046,23.5,NA,NA,-14.7
tegula,T204X,neon yellow 104,mixed,7.3,8.17,9.19,9.14,NA,NA,NA,NA,NA,NA,0.504,0.5715,0.6219,0.6758,0.1718,0.1936,0.2672,0.29,0.3074,NA,NA,NA,0.1379,NA,NA,NA,NA,0.0355,NA,NA,0.4907,14,0.0181,NA,NA,0.2746,0.0265,0.0174,0.0174,96.1,NA,NA,78.7
tegula,T205S,neon yellow 105,sargassum,5.77,6.66,7.14,7.4,NA,NA,NA,NA,NA,NA,0.192,0.2416,0.2663,0.2874,0.0954,0.0673,0.1014,0.1269,0.1359,NA,NA,NA,0.0621,NA,NA,NA,NA,0.0179,NA,NA,0.2101,14,0.0113,NA,NA,0.0942,0.0174,0.0066,0.0066,58.8,NA,NA,123.0
tegula,T206M,neon yellow 106,macro,7.95,7.93,8.62,8.04,NA,NA,NA,NA,NA,NA,0.3899,0.4413,0.4693,0.5056,0.1157,0.1118,0.2107,0.2294,0.2364,NA,NA,NA,0.1032,NA,NA,NA,NA,0.0255,NA,NA,0.3734,14,0.0210,NA,NA,0.3512,0.0240,0.0045,0.0045,21.4,NA,NA,6.3
tegula,T207N,neon yellow 107,starved,8.97,8.88,9.16,9.49,NA,NA,NA,NA,NA,NA,0.5115,0.5207,0.519,0.5343,0.0228,0.2173,0.2269,0.2486,0.2551,NA,NA,NA,0.0916,NA,NA,NA,NA,0.0229,NA,NA,0.3898,14,0.0256,NA,NA,0.4714,0.0264,-0.0027,-0.0027,-10.4,NA,NA,-17.3
tegula,T208X,neon yellow 108,mixed,8.93,8.9,9.75,9.43,NA,NA,NA,NA,NA,NA,0.5203,0.5733,0.6042,0.6332,0.1129,0.2488,0.2825,0.2972,0.3108,NA,NA,NA,0.1509,NA,NA,NA,NA,0.0346,NA,NA,0.4894,14,0.0254,NA,NA,0.4667,0.0290,0.0092,0.0092,36.3,NA,NA,4.9
,,,,,,,,,,,,,,,,,,,,,,,,,,,,,,,,,,,,,,,,,,,,,,
,,,,,,,,,,,,,,,,,,,,,,,,,,,,,,,,,,,,,,,,,,,,,,
,,,,,,,,,,,,,,,,,,,,,,,,,,,,,,,,,,,,,,,,,,,,,,
,,,,,,,,,,,,,,,,,,,,,,,,,,,,,,,,,,,,,,,,,,,,,,
,,,,,,,,,,,,,,,,,,,,,,,,,,,,,,,,,,,,,,,,,,,,,,
,,,,,,,,,,,,,,,,,,,,,,,,,,,,,,,,,,,,,,,,,,,,,,
,,,,,,,,,,,,,,,,,,,,,,,,,,,,,,,,,,,,,,,,,,,,,,
,,,,,,,,,,,,,,,,,,,,,,,,,,,,,,,,,,,,,,,,,,,,,,
,,,,,,,,,,,,,,,,,,,,,,,,,,,,,,,,,,,,,,,,,,,,,,
,,,,,,,,,,,,,,,,,,,,,,,,,,,,,,,,,,,,,,,,,,,,,,
,,,,,,,,,,,,,,,,,,,,,,,,,,,,,,,,,,,,,,,,,,,,,,
,,,,,,,,,,,,,,,,,,,,,,,,,,,,,,,,,,,,,,,,,,,,,,